fever,cough,headache,fatigue,sore_throat,runny_nose,body_ache,nausea,vomiting,diarrhea,shortness_of_breath,chest_pain,rash,dizziness,loss_of_appetite,condition
1,1,1,1,1,0,1,0,0,0,0,0,0,0,0,Flu
1,1,1,1,1,1,1,0,0,0,0,0,0,0,0,Flu
1,0,1,1,1,1,0,0,0,0,0,0,0,1,0,Cold
0,1,0,1,0,1,0,0,0,0,0,0,0,0,0,Cold
0,1,0,0,1,1,0,0,0,0,0,0,0,0,0,Cold
1,0,1,1,0,0,1,1,0,0,0,0,0,0,0,Flu
1,1,0,1,0,0,1,0,0,0,0,0,0,0,0,Flu
0,0,1,0,0,0,0,1,1,1,0,0,0,1,1,Gastroenteritis
0,0,0,1,0,0,0,1,1,1,0,0,0,1,1,Gastroenteritis
0,0,1,0,0,0,0,1,1,0,0,0,0,1,1,Gastroenteritis
0,0,0,0,0,0,0,1,1,1,0,0,0,0,1,Gastroenteritis
1,0,1,1,0,0,0,0,0,0,1,0,1,0,0,Dengue
1,0,1,1,0,0,1,1,0,0,0,0,1,0,1,Dengue
1,0,1,1,0,0,1,0,0,0,0,0,1,0,0,Dengue
1,0,1,1,0,0,1,0,0,0,1,0,0,1,0,Dengue
0,0,1,1,0,0,0,0,0,0,1,1,0,1,0,Heart Issue (Possible)
0,0,0,1,0,0,0,0,0,0,1,1,0,1,0,Heart Issue (Possible)
0,0,0,0,0,0,0,0,0,0,1,1,0,0,0,Heart Issue (Possible)
0,0,1,1,0,0,0,0,0,0,1,0,0,1,0,Heart Issue (Possible)
0,1,0,1,0,0,0,0,0,0,1,0,0,0,0,Asthma / Respiratory Issue
0,1,0,0,0,0,0,0,0,0,1,0,0,0,0,Asthma / Respiratory Issue
0,1,0,1,0,0,0,0,0,0,1,0,0,1,0,Asthma / Respiratory Issue
0,0,1,1,0,0,0,1,0,0,0,0,0,1,0,Migraine
0,0,1,0,0,0,0,1,0,0,0,0,0,1,0,Migraine
0,0,1,0,0,0,0,0,0,0,0,0,0,1,0,Migraine
0,0,1,1,0,0,0,1,1,0,0,0,0,1,1,Migraine
0,0,0,1,0,0,0,0,0,1,0,0,0,0,1,Food Poisoning
0,0,0,0,0,0,0,1,1,1,0,0,0,1,1,Food Poisoning
0,0,1,1,0,0,0,1,1,1,0,0,0,1,1,Food Poisoning
1,0,0,0,0,0,0,1,1,1,0,0,0,1,1,Food Poisoning
0,0,0,1,0,0,0,0,0,0,0,0,1,1,0,Allergy
0,1,0,0,1,1,0,0,0,0,0,0,1,0,0,Allergy
0,1,0,0,1,1,0,0,0,0,0,0,0,0,0,Allergy
0,1,0,0,0,1,0,0,0,0,0,0,1,0,0,Allergy
1,1,1,1,0,0,1,0,0,0,0,0,0,0,0,Flu
0,0,0,1,1,0,0,0,0,0,0,0,0,0,0,Cold
1,0,0,1,0,0,1,0,0,0,0,0,1,0,0,Dengue
0,0,1,1,0,0,0,0,0,0,0,1,0,1,0,Heart Issue (Possible)
0,1,0,1,0,0,0,0,0,0,1,0,0,0,1,Asthma / Respiratory Issue
0,0,1,0,0,0,0,1,0,0,0,0,0,1,1,Migraine
0,0,0,0,0,0,0,1,1,1,0,0,0,0,1,Food Poisoning
0,0,0,1,0,0,0,0,0,0,0,0,1,0,0,Allergy
1,1,0,1,1,1,0,0,0,0,0,0,0,0,0,Cold
0,0,1,1,1,0,0,0,0,0,0,0,0,0,0,Cold
1,1,1,1,1,0,1,1,0,0,0,0,0,0,1,Flu
1,0,1,1,0,0,1,0,0,0,1,0,1,1,1,Dengue
0,0,0,0,0,0,0,0,0,0,1,1,0,0,1,Heart Issue (Possible)
0,1,0,0,0,0,0,0,0,0,1,0,0,1,0,Asthma / Respiratory Issue
0,0,1,1,0,0,0,1,0,0,0,0,0,1,1,Migraine
0,0,0,1,0,0,0,1,1,1,0,0,0,0,1,Food Poisoning
1,0,0,0,0,0,0,0,0,0,0,0,1,1,0,Allergy
0,0,0,1,0,1,0,0,0,0,0,0,1,0,0,Allergy
0,1,1,1,1,1,0,0,0,0,0,0,0,0,0,Cold
1,1,1,1,0,0,1,1,0,0,0,0,0,1,0,Flu
1,0,1,1,0,0,1,1,0,0,0,0,1,1,0,Dengue
0,0,0,0,0,0,0,0,0,0,1,1,0,1,1,Heart Issue (Possible)
0,1,1,1,0,0,0,0,0,0,1,0,0,0,0,Asthma / Respiratory Issue
0,0,1,0,0,0,0,0,0,0,0,0,0,1,0,Migraine
1,0,0,0,0,0,0,1,1,1,0,0,0,1,1,Food Poisoning
0,1,0,0,1,0,0,0,0,0,0,0,1,0,0,Allergy
